i,j,minutos
1,1,1
1,2,1
1,3,385
1,4,386
1,5,249
1,6,252
1,7,371
1,8,375
1,9,68
1,10,66
1,11,81
1,12,79
1,13,302
1,14,302
1,15,168
1,16,163
1,17,13
1,18,11
1,19,31
1,20,45
1,21,260
1,22,259
1,23,230
1,24,230
1,25,355
1,26,358
1,27,183
1,28,183
1,29,290
1,30,287
1,31,373
1,32,378
1,33,274
1,34,282
1,35,199
1,36,205
1,37,357
1,38,320
1,39,462
1,40,462
1,41,245
1,42,234
1,43,391
1,44,389
1,45,217
1,46,216
1,47,133
1,48,140
1,49,215
1,50,217
1,51,353
1,52,352
1,53,90
1,54,87
1,55,388
1,56,387
1,57,368
1,58,363
1,59,379
1,60,380
1,61,95
1,62,95
1,63,119
1,64,118
1,65,146
1,66,149
1,67,135
1,68,129
1,69,301
1,70,302
1,71,133
1,72,135
1,73,127
1,74,116
1,75,217
1,76,151
1,77,144
1,78,211
1,79,140
1,80,79
1,81,63
1,82,11
1,83,130
1,84,181
1,85,179
2,1,385
2,2,384
2,3,1
2,4,2
2,5,138
2,6,137
2,7,208
2,8,214
2,9,432
2,10,433
2,11,336
2,12,336
2,13,129
2,14,130
2,15,224
2,16,229
2,17,398
2,18,396
2,19,411
2,20,420
2,21,135
2,22,136
2,23,159
2,24,159
2,25,55
2,26,49
2,27,211
2,28,210
2,29,152
2,30,153
2,31,200
2,32,204
2,33,112
2,34,104
2,35,207
2,36,204
2,37,155
2,38,115
2,39,77
2,40,77
2,41,150
2,42,169
2,43,129
2,44,132
2,45,172
2,46,172
2,47,252
2,48,246
2,49,190
2,50,189
2,51,186
2,52,189
2,53,457
2,54,454
2,55,200
2,56,200
2,57,162
2,58,156
2,59,170
2,60,170
2,61,464
2,62,466
2,63,275
2,64,277
2,65,241
2,66,239
2,67,254
2,68,259
2,69,125
2,70,125
2,71,255
2,72,254
2,73,274
2,74,277
2,75,173
2,76,236
2,77,241
2,78,192
2,79,245
2,80,336
2,81,431
2,82,396
2,83,255
2,84,213
2,85,217
3,1,253
3,2,252
3,3,136
3,4,137
3,5,4
3,6,2
3,7,181
3,8,188
3,9,297
3,10,298
3,11,201
3,12,201
3,13,72
3,14,72
3,15,108
3,16,113
3,17,266
3,18,264
3,19,278
3,20,286
3,21,17
3,22,17
3,23,24
3,24,24
3,25,123
3,26,123
3,27,76
3,28,74
3,29,78
3,30,77
3,31,178
3,32,184
3,33,26
3,34,36
3,35,74
3,36,74
3,37,140
3,38,125
3,39,210
3,40,210
3,41,70
3,42,88
3,43,156
3,44,155
3,45,37
3,46,37
3,47,123
3,48,113
3,49,101
3,50,100
3,51,155
3,52,157
3,53,322
3,54,319
3,55,188
3,56,187
3,57,152
3,58,145
3,59,166
3,60,166
3,61,329
3,62,331
3,63,153
3,64,156
3,65,107
3,66,105
3,67,131
3,68,133
3,69,114
3,70,115
3,71,132
3,72,130
3,73,157
3,74,154
3,75,38
3,76,102
3,77,110
3,78,100
3,79,114
3,80,200
3,81,296
3,82,264
3,83,124
3,84,78
3,85,82
4,1,369
4,2,368
4,3,208
4,4,209
4,5,185
4,6,182
4,7,3
4,8,7
4,9,384
4,10,387
4,11,292
4,12,293
4,13,112
4,14,111
4,15,277
4,16,280
4,17,381
4,18,379
4,19,383
4,20,383
4,21,164
4,22,164
4,23,188
4,24,189
4,25,245
4,26,240
4,27,204
4,28,205
4,29,103
4,30,105
4,31,12
4,32,12
4,33,187
4,34,193
4,35,181
4,36,174
4,37,55
4,38,282
4,39,240
4,40,240
4,41,250
4,42,269
4,43,89
4,44,85
4,45,193
4,46,196
4,47,270
4,48,253
4,49,281
4,50,281
4,51,27
4,52,25
4,53,405
4,54,402
4,55,24
4,56,23
4,57,48
4,58,54
4,59,43
4,60,44
4,61,412
4,62,414
4,63,308
4,64,311
4,65,243
4,66,239
4,67,288
4,68,285
4,69,279
4,70,280
4,71,287
4,72,286
4,73,317
4,74,307
4,75,192
4,76,239
4,77,252
4,78,279
4,79,257
4,80,293
4,81,387
4,82,379
4,83,267
4,84,205
4,85,204
5,1,64
5,2,65
5,3,431
5,4,432
5,5,293
5,6,295
5,7,388
5,8,391
5,9,6
5,10,2
5,11,99
5,12,98
5,13,336
5,14,335
5,15,224
5,16,219
5,17,58
5,18,58
5,19,35
5,20,19
5,21,300
5,22,299
5,23,273
5,24,272
5,25,406
5,26,409
5,27,221
5,28,223
5,29,320
5,30,318
5,31,392
5,32,396
5,33,319
5,34,328
5,35,233
5,36,238
5,37,383
5,38,376
5,39,507
5,40,507
5,41,299
5,42,290
5,43,421
5,44,419
5,45,260
5,46,259
5,47,184
5,48,187
5,49,273
5,50,274
5,51,374
5,52,373
5,53,27
5,54,24
5,55,407
5,56,406
5,57,393
5,58,389
5,59,403
5,60,404
5,61,34
5,62,35
5,63,177
5,64,177
5,65,190
5,66,192
5,67,191
5,68,183
5,69,358
5,70,358
5,71,189
5,72,190
5,73,188
5,74,174
5,75,259
5,76,195
5,77,191
5,78,268
5,79,188
5,80,98
5,81,1
5,82,58
5,83,179
5,84,220
5,85,216
6,1,78
6,2,78
6,3,338
6,4,339
6,5,199
6,6,201
6,7,296
6,8,300
6,9,97
6,10,99
6,11,3
6,12,1
6,13,239
6,14,238
6,15,147
6,16,143
6,17,90
6,18,87
6,19,89
6,20,90
6,21,204
6,22,204
6,23,178
6,24,178
6,25,317
6,26,319
6,27,126
6,28,128
6,29,224
6,30,221
6,31,300
6,32,304
6,33,226
6,34,235
6,35,136
6,36,141
6,37,288
6,38,293
6,39,412
6,40,412
6,41,214
6,42,210
6,43,324
6,44,322
6,45,166
6,46,165
6,47,103
6,48,99
6,49,196
6,50,197
6,51,280
6,52,279
6,53,121
6,54,118
6,55,314
6,56,313
6,57,297
6,58,293
6,59,308
6,60,309
6,61,128
6,62,130
6,63,113
6,64,115
6,65,100
6,66,101
6,67,118
6,68,108
6,69,276
6,70,277
6,71,115
6,72,116
6,73,128
6,74,109
6,75,164
6,76,104
6,77,104
6,78,191
6,79,101
6,80,2
6,81,97
6,82,87
6,83,96
6,84,125
6,85,121
7,1,304
7,2,304
7,3,128
7,4,129
7,5,78
7,6,75
7,7,110
7,8,117
7,9,338
7,10,340
7,11,239
7,12,240
7,13,3
7,14,3
7,15,179
7,16,184
7,17,318
7,18,316
7,19,326
7,20,330
7,21,58
7,22,58
7,23,88
7,24,88
7,25,146
7,26,143
7,27,123
7,28,123
7,29,24
7,30,25
7,31,106
7,32,111
7,33,78
7,34,83
7,35,106
7,36,100
7,37,66
7,38,175
7,39,188
7,40,188
7,41,141
7,42,161
7,43,87
7,44,86
7,45,97
7,46,99
7,47,184
7,48,170
7,49,175
7,50,174
7,51,83
7,52,85
7,53,362
7,54,358
7,55,115
7,56,114
7,57,78
7,58,71
7,59,91
7,60,92
7,61,369
7,62,370
7,63,219
7,64,222
7,65,162
7,66,158
7,67,197
7,68,197
7,69,170
7,70,171
7,71,197
7,72,196
7,73,225
7,74,219
7,75,96
7,76,157
7,77,168
7,78,174
7,79,173
7,80,239
7,81,338
7,82,316
7,83,183
7,84,124
7,85,126
8,1,164
8,2,163
8,3,228
8,4,229
8,5,106
8,6,109
8,7,279
8,8,285
8,9,223
8,10,223
8,11,143
8,12,143
8,13,178
8,14,178
8,15,4
8,16,3
8,17,177
8,18,175
8,19,194
8,20,205
8,21,124
8,22,124
8,23,93
8,24,93
8,25,192
8,26,195
8,27,80
8,28,78
8,29,177
8,30,175
8,31,278
8,32,283
8,33,124
8,34,128
8,35,104
8,36,111
8,37,245
8,38,156
8,39,304
8,40,304
8,41,81
8,42,70
8,43,266
8,44,265
8,45,85
8,46,83
8,47,41
8,48,52
8,49,53
8,50,54
8,51,254
8,52,255
8,53,248
8,54,244
8,55,290
8,56,289
8,57,257
8,58,250
8,59,271
8,60,271
8,61,254
8,62,255
8,63,48
8,64,50
8,65,59
8,66,61
8,67,29
8,68,37
8,69,137
8,70,138
8,71,32
8,72,30
8,73,48
8,74,50
8,75,86
8,76,58
8,77,48
8,78,49
8,79,47
8,80,142
8,81,220
8,82,175
8,83,49
8,84,80
8,85,85
9,1,15
9,2,15
9,3,400
9,4,401
9,5,264
9,6,266
9,7,383
9,8,387
9,9,61
9,10,58
9,11,92
9,12,90
9,13,316
9,14,316
9,15,182
9,16,177
9,17,3
9,18,3
9,19,20
9,20,37
9,21,274
9,22,273
9,23,244
9,24,244
9,25,369
9,26,372
9,27,197
9,28,197
9,29,304
9,30,301
9,31,386
9,32,391
9,33,289
9,34,296
9,35,213
9,36,219
9,37,371
9,38,333
9,39,476
9,40,476
9,41,259
9,42,248
9,43,405
9,44,403
9,45,232
9,46,231
9,47,147
9,48,154
9,49,229
9,50,230
9,51,366
9,52,365
9,53,80
9,54,78
9,55,401
9,56,400
9,57,381
9,58,376
9,59,393
9,60,393
9,61,85
9,62,84
9,63,132
9,64,131
9,65,161
9,66,163
9,67,149
9,68,143
9,69,315
9,70,316
9,71,147
9,72,149
9,73,140
9,74,129
9,75,231
9,76,166
9,77,158
9,78,225
9,79,154
9,80,90
9,81,55
9,82,4
9,83,144
9,84,195
9,85,193
10,1,37
10,2,38
10,3,414
10,4,415
10,5,276
10,6,278
10,7,383
10,8,387
10,9,32
10,10,30
10,11,90
10,12,88
10,13,324
10,14,323
10,15,201
10,16,197
10,17,31
10,18,31
10,19,8
10,20,8
10,21,285
10,22,284
10,23,256
10,24,256
10,25,386
10,26,389
10,27,207
10,28,208
10,29,310
10,30,307
10,31,387
10,32,391
10,33,302
10,34,310
10,35,220
10,36,225
10,37,375
10,38,353
10,39,490
10,40,490
10,41,278
10,42,268
10,43,411
10,44,409
10,45,244
10,46,243
10,47,164
10,48,168
10,49,250
10,50,251
10,51,367
10,52,367
10,53,53
10,54,50
10,55,402
10,56,401
10,57,385
10,58,380
10,59,395
10,60,396
10,61,58
10,62,58
10,63,153
10,64,153
10,65,173
10,66,175
10,67,169
10,68,161
10,69,335
10,70,336
10,71,166
10,72,168
10,73,163
10,74,150
10,75,243
10,76,178
10,77,172
10,78,246
10,79,169
10,80,89
10,81,26
10,82,31
10,83,159
10,84,205
10,85,202
11,1,259
11,2,258
11,3,137
11,4,138
11,5,22
11,6,19
11,7,163
11,8,170
11,9,300
11,10,301
11,11,202
11,12,203
11,13,55
11,14,55
11,15,122
11,16,127
11,17,272
11,18,270
11,19,283
11,20,289
11,21,2
11,22,1
11,23,31
11,24,32
11,25,131
11,26,130
11,27,78
11,28,77
11,29,60
11,30,59
11,31,161
11,32,166
11,33,36
11,34,46
11,35,70
11,36,68
11,37,123
11,38,139
11,39,209
11,40,209
11,41,88
11,42,106
11,43,142
11,44,141
11,45,42
11,46,44
11,47,132
11,48,120
11,49,118
11,50,118
11,51,137
11,52,139
11,53,325
11,54,321
11,55,171
11,56,170
11,57,135
11,58,128
11,59,149
11,60,149
11,61,332
11,62,333
11,63,165
11,64,168
11,65,113
11,66,110
11,67,143
11,68,143
11,69,130
11,70,131
11,71,143
11,72,141
11,73,170
11,74,165
11,75,43
11,76,108
11,77,117
11,78,117
11,79,122
11,80,202
11,81,299
11,82,270
11,83,132
11,84,79
11,85,83
12,1,233
12,2,232
12,3,155
12,4,156
12,5,17
12,6,18
12,7,189
12,8,195
12,9,277
12,10,278
12,11,181
12,12,181
12,13,84
12,14,84
12,15,93
12,16,97
12,17,247
12,18,245
12,19,258
12,20,266
12,21,29
12,22,29
12,23,4
12,24,4
12,25,140
12,26,140
12,27,57
12,28,55
12,29,85
12,30,83
12,31,187
12,32,192
12,33,44
12,34,54
12,35,58
12,36,59
12,37,151
12,38,135
12,39,230
12,40,230
12,41,70
12,42,85
12,43,171
12,44,170
12,45,17
12,46,17
12,47,104
12,48,94
12,49,94
12,50,93
12,51,163
12,52,164
12,53,302
12,54,299
12,55,197
12,56,197
12,57,163
12,58,156
12,59,177
12,60,177
12,61,309
12,62,311
12,63,136
12,64,139
12,65,87
12,66,85
12,67,114
12,68,115
12,69,123
12,70,124
12,71,114
12,72,112
12,73,140
12,74,136
12,75,18
12,76,82
12,77,90
12,78,92
12,79,94
12,80,181
12,81,276
12,82,244
12,83,105
12,84,58
12,85,63
13,1,356
13,2,356
13,3,53
13,4,54
13,5,124
13,6,124
13,7,241
13,8,248
13,9,409
13,10,410
13,11,317
13,12,317
13,13,144
13,14,146
13,15,190
13,16,196
13,17,369
13,18,368
13,19,385
13,20,395
13,21,129
13,22,130
13,23,144
13,24,144
13,25,4
13,26,3
13,27,196
13,28,194
13,29,165
13,30,166
13,31,234
13,32,239
13,33,97
13,34,87
13,35,197
13,36,197
13,37,188
13,38,64
13,39,118
13,40,119
13,41,113
13,42,129
13,43,171
13,44,173
13,45,156
13,46,156
13,47,224
13,48,221
13,49,150
13,50,149
13,51,216
13,52,219
13,53,435
13,54,431
13,55,237
13,56,237
13,57,197
13,58,190
13,59,207
13,60,207
13,61,442
13,62,443
13,63,242
13,64,244
13,65,218
13,66,217
13,67,222
13,68,228
13,69,76
13,70,76
13,71,224
13,72,222
13,73,239
13,74,244
13,75,158
13,76,214
13,77,217
13,78,153
13,79,220
13,80,316
13,81,408
13,82,367
13,83,229
13,84,197
13,85,203
14,1,182
14,2,181
14,3,213
14,4,214
14,5,74
14,6,76
14,7,206
14,8,211
14,9,221
14,10,223
14,11,124
14,12,124
14,13,121
14,14,120
14,15,81
14,16,83
14,17,195
14,18,193
14,19,205
14,20,211
14,21,79
14,22,79
14,23,54
14,24,54
14,25,196
14,26,197
14,27,1
14,28,4
14,29,112
14,30,109
14,31,206
14,32,211
14,33,102
14,34,111
14,35,24
14,36,31
14,37,181
14,38,184
14,39,287
14,40,287
14,41,107
14,42,113
14,43,210
14,44,209
14,45,41
14,46,41
14,47,66
14,48,49
14,49,111
14,50,111
14,51,183
14,52,184
14,53,246
14,54,243
14,55,219
14,56,218
14,57,192
14,58,186
14,59,205
14,60,205
14,61,253
14,62,255
14,63,103
14,64,107
14,65,39
14,66,36
14,67,84
14,68,81
14,69,168
14,70,170
14,71,83
14,72,82
14,73,114
14,74,102
14,75,40
14,76,35
14,77,48
14,78,107
14,79,52
14,80,124
14,81,221
14,82,193
14,83,62
14,84,1
14,85,6
15,1,288
15,2,288
15,3,152
15,4,153
15,5,81
15,6,78
15,7,105
15,8,112
15,9,318
15,10,321
15,11,220
15,12,221
15,13,24
15,14,22
15,15,174
15,16,178
15,17,302
15,18,300
15,19,308
15,20,312
15,21,60
15,22,60
15,23,84
15,24,85
15,25,167
15,26,164
15,27,110
15,28,110
15,29,2
15,30,1
15,31,103
15,32,108
15,33,88
15,34,95
15,35,90
15,36,84
15,37,71
15,38,190
15,39,212
15,40,212
15,41,146
15,42,165
15,43,103
15,44,100
15,45,90
15,46,93
15,47,174
15,48,158
15,49,177
15,50,176
15,51,79
15,52,81
15,53,342
15,54,338
15,55,114
15,56,113
15,57,83
15,58,77
15,59,96
15,60,96
15,61,349
15,62,351
15,63,210
15,64,214
15,65,149
15,66,146
15,67,189
15,68,188
15,69,183
15,70,184
15,71,188
15,72,187
15,73,218
15,74,210
15,75,89
15,76,145
15,77,157
15,78,175
15,79,161
15,80,221
15,81,319
15,82,300
15,83,172
15,84,111
15,85,111
16,1,376
16,2,375
16,3,203
16,4,203
16,5,186
16,6,183
16,7,7
16,8,11
16,9,392
16,10,395
16,11,299
16,12,301
16,13,112
16,14,111
16,15,280
16,16,284
16,17,388
16,18,386
16,19,391
16,20,391
16,21,165
16,22,165
16,23,191
16,24,192
16,25,241
16,26,236
16,27,209
16,28,210
16,29,105
16,30,107
16,31,4
16,32,2
16,33,187
16,34,192
16,35,186
16,36,179
16,37,51
16,38,280
16,39,233
16,40,232
16,41,250
16,42,270
16,43,81
16,44,78
16,45,196
16,46,199
16,47,275
16,48,258
16,49,283
16,50,282
16,51,28
16,52,26
16,53,414
16,54,410
16,55,14
16,56,13
16,57,42
16,58,49
16,59,35
16,60,36
16,61,420
16,62,423
16,63,312
16,64,316
16,65,248
16,66,244
16,67,292
16,68,290
16,69,278
16,70,279
16,71,291
16,72,290
16,73,322
16,74,311
16,75,195
16,76,244
16,77,257
16,78,281
16,79,262
16,80,300
16,81,395
16,82,386
16,83,272
16,84,210
16,85,209
17,1,275
17,2,274
17,3,111
17,4,112
17,5,29
17,6,28
17,7,189
17,8,196
17,9,322
17,10,323
17,11,226
17,12,226
17,13,77
17,14,78
17,15,121
17,16,126
17,17,288
17,18,286
17,19,301
17,20,309
17,21,36
17,22,37
17,23,49
17,24,49
17,25,96
17,26,96
17,27,102
17,28,100
17,29,90
17,30,89
17,31,184
17,32,190
17,33,2
17,34,8
17,35,102
17,36,101
17,37,142
17,38,102
17,39,187
17,40,187
17,41,64
17,42,85
17,43,150
17,44,150
17,45,62
17,46,62
17,47,143
17,48,135
17,49,102
17,50,101
17,51,162
17,52,164
17,53,347
17,54,343
17,55,193
17,56,192
17,57,154
17,58,146
17,59,167
17,60,167
17,61,354
17,62,355
17,63,170
17,64,173
17,65,130
17,66,128
17,67,148
17,68,151
17,69,94
17,70,96
17,71,149
17,72,147
17,73,172
17,74,171
17,75,63
17,76,125
17,77,131
17,78,102
17,79,135
17,80,226
17,81,321
17,82,286
17,83,145
17,84,104
17,85,108
18,1,200
18,2,199
18,3,207
18,4,208
18,5,74
18,6,74
18,7,181
18,8,186
18,9,233
18,10,235
18,11,134
18,12,135
18,13,103
18,14,102
18,15,106
18,16,108
18,17,213
18,18,211
18,19,221
18,20,225
18,21,72
18,22,71
18,23,55
18,24,55
18,25,198
18,26,198
18,27,26
18,28,28
18,29,90
18,30,88
18,31,182
18,32,187
18,33,101
18,34,111
18,35,2
18,36,6
18,37,159
18,38,193
18,39,279
18,40,279
18,41,121
18,42,130
18,43,191
18,44,189
18,45,46
18,46,47
18,47,91
18,48,73
18,49,131
18,50,131
18,51,159
18,52,159
18,53,258
18,54,254
18,55,195
18,56,194
18,57,170
18,58,164
18,59,182
18,60,183
18,61,265
18,62,266
18,63,129
18,64,133
18,65,63
18,66,60
18,67,110
18,68,106
18,69,179
18,70,180
18,71,109
18,72,108
18,73,139
18,74,127
18,75,44
18,76,60
18,77,73
18,78,127
18,79,77
18,80,135
18,81,233
18,82,211
18,83,87
18,84,27
18,85,24
19,1,343
19,2,343
19,3,146
19,4,147
19,5,128
19,6,125
19,7,65
19,8,72
19,9,370
19,10,373
19,11,273
19,12,274
19,13,52
19,14,52
19,15,228
19,16,232
19,17,357
19,18,354
19,19,363
19,20,365
19,21,108
19,22,108
19,23,137
19,24,137
19,25,179
19,26,175
19,27,166
19,28,166
19,29,55
19,30,57
19,31,59
19,32,64
19,33,126
19,34,130
19,35,145
19,36,139
19,37,16
19,38,217
19,39,189
19,40,189
19,41,190
19,42,210
19,43,52
19,44,49
19,45,144
19,46,147
19,47,230
19,48,215
19,49,225
19,50,224
19,51,40
19,52,42
19,53,393
19,54,390
19,55,66
19,56,65
19,57,28
19,58,21
19,59,41
19,60,42
19,61,400
19,62,402
19,63,266
19,64,269
19,65,205
19,66,202
19,67,244
19,68,243
19,69,214
19,70,216
19,71,244
19,72,243
19,73,273
19,74,265
19,75,144
19,76,201
19,77,213
19,78,224
19,79,217
19,80,273
19,81,372
19,82,355
19,83,228
19,84,167
19,85,167
20,1,319
20,2,318
20,3,118
20,4,119
20,5,124
20,6,126
20,7,283
20,8,290
20,9,378
20,10,378
20,11,292
20,12,292
20,13,174
20,14,176
20,15,152
20,16,156
20,17,331
20,18,329
20,19,349
20,20,360
20,21,139
20,22,139
20,23,139
20,24,139
20,25,62
20,26,68
20,27,183
20,28,180
20,29,192
20,30,191
20,31,277
20,32,282
20,33,105
20,34,96
20,35,192
20,36,194
20,37,231
20,38,2
20,39,181
20,40,182
20,41,79
20,42,85
20,43,224
20,44,225
20,45,148
20,46,147
20,47,192
20,48,194
20,49,104
20,50,102
20,51,256
20,52,259
20,53,403
20,54,399
20,55,282
20,56,282
20,57,242
20,58,235
20,59,254
20,60,254
20,61,409
20,62,410
20,63,201
20,64,202
20,65,194
20,66,194
20,67,184
20,68,192
20,69,18
20,70,17
20,71,187
20,72,185
20,73,194
20,74,203
20,75,150
20,76,191
20,77,189
20,78,108
20,79,192
20,80,292
20,81,375
20,82,329
20,83,198
20,84,184
20,85,190
21,1,461
21,2,461
21,3,77
21,4,76
21,5,214
21,6,212
21,7,238
21,8,243
21,9,508
21,10,509
21,11,410
21,12,411
21,13,189
21,14,190
21,15,301
21,16,306
21,17,475
21,18,473
21,19,488
21,20,496
21,21,208
21,22,209
21,23,234
21,24,234
21,25,122
21,26,116
21,27,286
21,28,284
21,29,211
21,30,213
21,31,229
21,32,232
21,33,188
21,34,180
21,35,279
21,36,276
21,37,191
21,38,180
21,39,1
21,40,1
21,41,226
21,42,244
21,43,152
21,44,155
21,45,247
21,46,248
21,47,329
21,48,322
21,49,266
21,50,264
21,51,222
21,52,225
21,53,533
21,54,529
21,55,224
21,56,225
21,57,193
21,58,189
21,59,197
21,60,197
21,61,540
21,62,541
21,63,352
21,64,354
21,65,317
21,66,315
21,67,331
21,68,336
21,69,194
21,70,194
21,71,333
21,72,331
21,73,351
21,74,354
21,75,248
21,76,312
21,77,318
21,78,268
21,79,322
21,80,411
21,81,507
21,82,473
21,83,332
21,84,287
21,85,291
22,1,244
22,2,244
22,3,156
22,4,157
22,5,77
22,6,80
22,7,260
22,8,267
22,9,302
22,10,302
22,11,217
22,12,216
22,13,149
22,14,150
22,15,77
22,16,82
22,17,257
22,18,255
22,19,274
22,20,285
22,21,97
22,22,98
22,23,82
22,24,81
22,25,114
22,26,118
22,27,114
22,28,111
22,29,158
22,30,157
22,31,257
22,32,262
22,33,75
22,34,73
22,35,128
22,36,132
22,37,216
22,38,76
22,39,231
22,40,231
22,41,11
22,42,13
22,43,224
22,44,224
22,45,86
22,46,84
22,47,116
22,48,119
22,49,35
22,50,33
22,51,234
22,52,236
22,53,327
22,54,324
22,55,266
22,56,265
22,57,228
22,58,220
22,59,241
22,60,241
22,61,334
22,62,334
22,63,128
22,64,129
22,65,119
22,66,120
22,67,110
22,68,117
22,69,59
22,70,60
22,71,112
22,72,110
22,73,123
22,74,130
22,75,88
22,76,116
22,77,114
22,78,37
22,79,116
22,80,216
22,81,299
22,82,255
22,83,122
22,84,114
22,85,121
23,1,390
23,2,390
23,3,129
23,4,129
23,5,161
23,6,157
23,7,85
23,8,91
23,9,420
23,10,422
23,11,322
23,12,323
23,13,90
23,14,90
23,15,264
23,16,269
23,17,404
23,18,402
23,19,411
23,20,414
23,21,142
23,22,142
23,23,173
23,24,174
23,25,175
23,26,170
23,27,210
23,28,210
23,29,101
23,30,103
23,31,76
23,32,80
23,33,150
23,34,151
23,35,192
23,36,186
23,37,44
23,38,223
23,39,153
23,40,152
23,41,214
23,42,236
23,43,1
23,44,2
23,45,183
23,46,185
23,47,272
23,48,258
23,49,253
23,50,252
23,51,72
23,52,75
23,53,443
23,54,440
23,55,72
23,56,73
23,57,42
23,58,40
23,59,45
23,60,44
23,61,450
23,62,452
23,63,306
23,64,309
23,65,249
23,66,246
23,67,284
23,68,284
23,69,225
23,70,226
23,71,284
23,72,283
23,73,312
23,74,306
23,75,183
23,76,244
23,77,255
23,78,253
23,79,260
23,80,323
23,81,421
23,82,402
23,83,271
23,84,211
23,85,212
24,1,217
24,2,216
24,3,172
24,4,173
24,5,33
24,6,35
24,7,194
24,8,201
24,9,261
24,10,262
24,11,164
24,12,165
24,13,94
24,14,94
24,15,83
24,16,88
24,17,231
24,18,229
24,19,242
24,20,249
24,21,43
24,22,43
24,23,13
24,24,13
24,25,155
24,26,156
24,27,40
24,28,38
24,29,92
24,30,90
24,31,193
24,32,199
24,33,60
24,34,70
24,35,45
24,36,47
24,37,160
24,38,147
24,39,247
24,40,247
24,41,76
24,42,88
24,43,183
24,44,182
24,45,1
24,46,2
24,47,89
24,48,78
24,49,93
24,50,93
24,51,169
24,52,171
24,53,286
24,54,282
24,55,205
24,56,204
24,57,172
24,58,166
24,59,186
24,60,186
24,61,293
24,62,294
24,63,123
24,64,126
24,65,71
24,66,68
24,67,101
24,68,101
24,69,133
24,70,134
24,71,101
24,72,99
24,73,129
24,74,123
24,75,2
24,76,66
24,77,75
24,78,90
24,79,79
24,80,164
24,81,260
24,82,228
24,83,90
24,84,42
24,85,47
25,1,136
25,2,135
25,3,249
25,4,250
25,5,113
25,6,116
25,7,260
25,8,265
25,9,186
25,10,186
25,11,98
25,12,97
25,13,173
25,14,172
25,15,52
25,16,50
25,17,150
25,18,148
25,19,163
25,20,172
25,21,125
25,22,125
25,23,94
25,24,94
25,25,222
25,26,224
25,27,55
25,28,54
25,29,165
25,30,163
25,31,260
25,32,265
25,33,138
25,34,145
25,35,78
25,36,85
25,37,235
25,38,195
25,39,325
25,40,325
25,41,116
25,42,112
25,43,263
25,44,261
25,45,82
25,46,81
25,47,13
25,48,6
25,49,99
25,50,100
25,51,237
25,52,238
25,53,211
25,54,208
25,55,274
25,56,273
25,57,246
25,58,240
25,59,259
25,60,259
25,61,218
25,62,219
25,63,51
25,64,54
25,65,16
25,66,20
25,67,35
25,68,29
25,69,178
25,70,179
25,71,33
25,72,33
25,73,63
25,74,49
25,75,82
25,76,19
25,77,8
25,78,95
25,79,3
25,80,97
25,81,184
25,82,147
25,83,8
25,84,53
25,85,55
26,1,216
26,2,215
26,3,190
26,4,191
26,5,96
26,6,99
26,7,281
26,8,287
26,9,276
26,10,276
26,11,196
26,12,196
26,13,171
26,14,172
26,15,50
26,16,54
26,17,228
26,18,227
26,19,246
26,20,258
26,21,117
26,22,117
26,23,94
26,24,93
26,25,147
26,26,151
26,27,110
26,28,107
26,29,177
26,30,175
26,31,278
26,32,284
26,33,102
26,34,102
26,35,129
26,36,134
26,37,240
26,38,103
26,39,265
26,40,265
26,41,40
26,42,20
26,43,251
26,44,251
26,45,93
26,46,91
26,47,94
26,48,101
26,49,1
26,50,1
26,51,254
26,52,256
26,53,301
26,54,298
26,55,288
26,56,287
26,57,252
26,58,244
26,59,265
26,60,265
26,61,308
26,62,308
26,63,98
26,64,99
26,65,104
26,66,105
26,67,82
26,68,91
26,69,85
26,70,86
26,71,85
26,72,83
26,73,92
26,74,101
26,75,95
26,76,102
26,77,96
26,78,5
26,79,97
26,80,195
26,81,273
26,82,226
26,83,101
26,84,110
26,85,116
27,1,352
27,2,351
27,3,188
27,4,188
27,5,160
27,6,157
27,7,25
27,8,32
27,9,371
27,10,374
27,11,276
27,12,278
27,13,87
27,14,86
27,15,253
27,16,257
27,17,365
27,18,362
27,19,368
27,20,369
27,21,139
27,22,139
27,23,164
27,24,165
27,25,222
27,26,217
27,27,183
27,28,184
27,29,79
27,30,81
27,31,23
27,32,28
27,33,163
27,34,168
27,35,160
27,36,153
27,37,35
27,38,258
27,39,225
27,40,225
27,41,225
27,42,244
27,43,76
27,44,73
27,45,170
27,46,172
27,47,249
27,48,232
27,49,257
27,50,256
27,51,4
27,52,1
27,53,393
27,54,389
27,55,37
27,56,35
27,57,33
27,58,36
27,59,36
27,60,36
27,61,399
27,62,402
27,63,286
27,64,290
27,65,222
27,66,218
27,67,266
27,68,263
27,69,254
27,70,255
27,71,265
27,72,264
27,73,295
27,74,285
27,75,169
27,76,218
27,77,231
27,78,255
27,79,235
27,80,277
27,81,373
27,82,362
27,83,246
27,84,184
27,85,183
28,1,84
28,2,85
28,3,453
28,4,454
28,5,314
28,6,316
28,7,405
28,8,408
28,9,20
28,10,20
28,11,119
28,12,118
28,13,355
28,14,355
28,15,246
28,16,241
28,17,77
28,18,77
28,19,54
28,20,39
28,21,321
28,22,320
28,23,294
28,24,294
28,25,428
28,26,430
28,27,242
28,28,244
28,29,340
28,30,337
28,31,409
28,32,413
28,33,341
28,34,349
28,35,253
28,36,258
28,37,402
28,38,398
28,39,528
28,40,528
28,41,321
28,42,312
28,43,440
28,44,438
28,45,281
28,46,280
28,47,206
28,48,208
28,49,295
28,50,296
28,51,391
28,52,390
28,53,6
28,54,4
28,55,424
28,56,423
28,57,411
28,58,407
28,59,421
28,60,421
28,61,12
28,62,13
28,63,199
28,64,199
28,65,212
28,66,214
28,67,213
28,68,205
28,69,379
28,70,380
28,71,211
28,72,212
28,73,209
28,74,196
28,75,280
28,76,217
28,77,213
28,78,290
28,79,209
28,80,119
28,81,22
28,82,77
28,83,201
28,84,241
28,85,237
29,1,389
29,2,388
29,3,200
29,4,200
29,5,193
29,6,190
29,7,21
29,8,23
29,9,406
29,10,409
29,11,313
29,12,314
29,13,118
29,14,117
29,15,289
29,16,293
29,17,401
29,18,399
29,19,404
29,20,405
29,21,173
29,22,172
29,23,199
29,24,200
29,25,240
29,26,236
29,27,220
29,28,221
29,29,114
29,30,116
29,31,16
29,32,13
29,33,193
29,34,197
29,35,197
29,36,190
29,37,52
29,38,282
29,39,225
29,40,225
29,41,256
29,42,276
29,43,74
29,44,71
29,45,205
29,46,208
29,47,286
29,48,269
29,49,290
29,50,289
29,51,37
29,52,37
29,53,428
29,54,424
29,55,1
29,56,2
29,57,41
29,58,49
29,59,31
29,60,31
29,61,434
29,62,437
29,63,323
29,64,327
29,65,259
29,66,255
29,67,302
29,68,300
29,69,281
29,70,282
29,71,302
29,72,301
29,73,332
29,74,322
29,75,204
29,76,255
29,77,268
29,78,289
29,79,273
29,80,314
29,81,409
29,82,399
29,83,283
29,84,221
29,85,220
30,1,363
30,2,363
30,3,157
30,4,157
30,5,151
30,6,148
30,7,50
30,8,57
30,9,388
30,10,391
30,11,291
30,12,293
30,13,75
30,14,75
30,15,250
30,16,255
30,17,377
30,18,374
30,19,382
30,20,384
30,21,131
30,22,130
30,23,159
30,24,160
30,25,194
30,26,190
30,27,187
30,28,188
30,29,76
30,30,79
30,31,42
30,32,47
30,33,148
30,34,151
30,35,166
30,36,160
30,37,7
30,38,235
30,39,191
30,40,191
30,41,212
30,42,232
30,43,42
30,44,39
30,45,167
30,46,169
30,47,252
30,48,236
30,49,247
30,50,246
30,51,31
30,52,34
30,53,411
30,54,407
30,55,46
30,56,45
30,57,6
30,58,2
30,59,19
30,60,19
30,61,418
30,62,420
30,63,288
30,64,291
30,65,227
30,66,223
30,67,267
30,68,266
30,69,234
30,70,235
30,71,266
30,72,265
30,73,295
30,74,287
30,75,166
30,76,222
30,77,234
30,78,246
30,79,239
30,80,292
30,81,390
30,82,374
30,83,250
30,84,188
30,85,188
31,1,379
31,2,379
31,3,170
31,4,170
31,5,170
31,6,167
31,7,40
31,8,46
31,9,402
31,10,405
31,11,306
31,12,307
31,13,94
31,14,94
31,15,269
31,16,274
31,17,392
31,18,390
31,19,397
31,20,399
31,21,150
31,22,150
31,23,178
31,24,179
31,25,210
31,26,206
31,27,205
31,28,205
31,29,95
31,30,97
31,31,31
31,32,35
31,33,167
31,34,170
31,35,183
31,36,177
31,37,26
31,38,253
31,39,198
31,40,198
31,41,231
31,42,252
31,43,46
31,44,43
31,45,186
31,46,188
31,47,270
31,48,254
31,49,267
31,50,266
31,51,33
31,52,35
31,53,424
31,54,421
31,55,29
31,56,29
31,57,14
31,58,21
31,59,1
31,60,1
31,61,431
31,62,433
31,63,306
31,64,310
31,65,244
31,66,241
31,67,285
31,68,284
31,69,252
31,70,253
31,71,285
31,72,283
31,73,314
31,74,306
31,75,185
31,76,240
31,77,252
31,78,265
31,79,257
31,80,307
31,81,404
31,82,390
31,83,267
31,84,206
31,85,206
32,1,98
32,2,99
32,3,467
32,4,468
32,5,328
32,6,330
32,7,416
32,8,419
32,9,35
32,10,34
32,11,132
32,12,131
32,13,369
32,14,368
32,15,260
32,16,256
32,17,90
32,18,90
32,19,67
32,20,53
32,21,335
32,22,334
32,23,308
32,24,308
32,25,443
32,26,445
32,27,256
32,28,258
32,29,353
32,30,350
32,31,421
32,32,424
32,33,355
32,34,363
32,35,266
32,36,271
32,37,414
32,38,412
32,39,542
32,40,542
32,41,335
32,42,327
32,43,453
32,44,450
32,45,295
32,46,294
32,47,221
32,48,223
32,49,309
32,50,311
32,51,403
32,52,402
32,53,9
32,54,13
32,55,436
32,56,434
32,57,423
32,58,419
32,59,433
32,60,433
32,61,3
32,62,4
32,63,214
32,64,214
32,65,226
32,66,228
32,67,228
32,68,220
32,69,394
32,70,395
32,71,225
32,72,227
32,73,224
32,74,210
32,75,294
32,76,231
32,77,227
32,78,305
32,79,224
32,80,132
32,81,37
32,82,91
32,83,216
32,84,255
32,85,251
33,1,116
33,2,115
33,3,279
33,4,280
33,5,152
33,6,155
33,7,312
33,8,317
33,9,178
33,10,178
33,11,113
33,12,112
33,13,220
33,14,220
33,15,55
33,16,49
33,17,127
33,18,126
33,19,146
33,20,159
33,21,168
33,22,168
33,23,136
33,24,136
33,25,243
33,26,246
33,27,106
33,28,105
33,29,215
33,30,212
33,31,312
33,32,317
33,33,173
33,34,178
33,35,130
33,36,137
33,37,284
33,38,204
33,39,355
33,40,355
33,41,132
33,42,119
33,43,309
33,44,308
33,45,126
33,46,124
33,47,41
33,48,59
33,49,100
33,50,101
33,51,289
33,52,289
33,53,202
33,54,199
33,55,325
33,56,324
33,57,296
33,58,290
33,59,309
33,60,309
33,61,209
33,62,209
33,63,3
33,64,3
33,65,69
33,66,73
33,67,25
33,68,26
33,69,186
33,70,187
33,71,25
33,72,27
33,73,15
33,74,4
33,75,126
33,76,72
33,77,59
33,78,96
33,79,54
33,80,112
33,81,175
33,82,126
33,83,46
33,84,105
33,85,107
34,1,146
34,2,145
34,3,241
34,4,242
34,5,104
34,6,106
34,7,243
34,8,248
34,9,191
34,10,192
34,11,98
34,12,98
34,13,159
34,14,158
34,15,62
34,16,62
34,17,160
34,18,158
34,19,171
34,20,179
34,21,113
34,22,113
34,23,84
34,24,83
34,25,218
34,26,220
34,27,39
34,28,39
34,29,150
34,30,147
34,31,244
34,32,249
34,33,130
34,34,138
34,35,61
34,36,68
34,37,219
34,38,195
34,39,317
34,40,317
34,41,116
34,42,115
34,43,248
34,44,247
34,45,71
34,46,70
34,47,30
34,48,12
34,49,106
34,50,106
34,51,221
34,52,221
34,53,216
34,54,213
34,55,257
34,56,256
34,57,231
34,58,225
34,59,243
34,60,244
34,61,223
34,62,225
34,63,68
34,64,72
34,65,2
34,66,3
34,67,52
34,68,46
34,69,179
34,70,180
34,71,50
34,72,49
34,73,80
34,74,66
34,75,70
34,76,5
34,77,13
34,78,101
34,79,17
34,80,98
34,81,190
34,82,158
34,83,25
34,84,37
34,85,38
35,1,134
35,2,134
35,3,254
35,4,255
35,5,125
35,6,128
35,7,286
35,8,292
35,9,192
35,10,192
35,11,115
35,12,114
35,13,192
35,14,192
35,15,34
35,16,29
35,17,147
35,18,145
35,19,164
35,20,175
35,21,141
35,22,140
35,23,109
35,24,109
35,25,221
35,26,224
35,27,81
35,28,80
35,29,188
35,30,185
35,31,286
35,32,291
35,33,146
35,34,152
35,35,105
35,36,112
35,37,257
35,38,186
35,39,331
35,40,331
35,41,110
35,42,100
35,43,282
35,44,281
35,45,99
35,46,97
35,47,19
35,48,37
35,49,83
35,50,84
35,51,263
35,52,263
35,53,217
35,54,214
35,55,299
35,56,298
35,57,269
35,58,263
35,59,282
35,60,282
35,61,224
35,62,225
35,63,24
35,64,27
35,65,47
35,66,50
35,67,4
35,68,7
35,69,168
35,70,169
35,71,2
35,72,1
35,73,33
35,74,24
35,75,99
35,76,49
35,77,35
35,78,79
35,79,32
35,80,114
35,81,190
35,82,145
35,83,27
35,84,80
35,85,83
36,1,300
36,2,300
36,3,126
36,4,127
36,5,112
36,6,114
36,7,278
36,8,285
36,9,359
36,10,359
36,11,274
36,12,274
36,13,168
36,14,169
36,15,133
36,16,138
36,17,313
36,18,311
36,19,330
36,20,342
36,21,128
36,22,129
36,23,125
36,24,125
36,25,72
36,26,78
36,27,167
36,28,164
36,29,184
36,30,183
36,31,273
36,32,278
36,33,95
36,34,88
36,35,177
36,36,180
36,37,228
36,38,19
36,39,194
36,40,194
36,41,62
36,42,67
36,43,224
36,44,225
36,45,133
36,46,132
36,47,174
36,48,176
36,49,86
36,50,84
36,51,252
36,52,254
36,53,384
36,54,381
36,55,279
36,56,279
36,57,239
36,58,232
36,59,252
36,60,252
36,61,391
36,62,392
36,63,183
36,64,183
36,65,177
36,66,177
36,67,166
36,68,174
36,69,1
36,70,2
36,71,168
36,72,167
36,73,176
36,74,185
36,75,135
36,76,173
36,77,172
36,78,90
36,79,174
36,80,274
36,81,357
36,82,311
36,83,180
36,84,168
36,85,174
